Year,Country,NOC,Bronze,Silver,Gold,Total
1896,Australia,AUS,1.0,0.0,2.0,3.0
1896,Austria,AUT,2.0,1.0,2.0,5.0
1896,Denmark,DEN,3.0,2.0,1.0,6.0
1896,France,FRA,2.0,4.0,5.0,11.0
1896,Germany,GER,2.0,5.0,7.0,14.0
1896,Greece,GRE,17.0,17.0,10.0,44.0
1896,Hungary,HUN,3.0,1.0,2.0,6.0
1896,Switzerland,SUI,0.0,2.0,1.0,3.0
1896,UK,GBR,3.0,3.0,3.0,9.0
1896,USA,USA,2.0,6.0,11.0,19.0
1900,Australia,AUS,3.0,0.0,3.0,6.0
1900,Austria,AUT,3.0,3.0,0.0,6.0
1900,Belgium,BEL,5.0,7.0,6.0,18.0
1900,Canada,CAN,1.0,0.0,1.0,2.0
1900,Colombia,COL,0.0,1.0,0.0,1.0
1900,Cuba,CUB,0.0,1.0,1.0,2.0
1900,Czech Republic,BOH,2.0,1.0,0.0,3.0
1900,Denmark,DEN,2.0,3.0,2.0,7.0
1900,France,FRA,34.0,40.0,28.0,102.0
1900,Germany,GER,1.0,3.0,4.0,8.0
1900,Haiti,HAI,0.0,0.0,1.0,1.0
1900,Hungary,HUN,2.0,2.0,1.0,5.0
1900,India,IND,0.0,2.0,0.0,2.0
1900,Italy,ITA,0.0,2.0,3.0,5.0
1900,Luxembourg,LUX,0.0,0.0,1.0,1.0
1900,Mexico,MEX,1.0,0.0,0.0,1.0
1900,Netherlands,NED,4.0,2.0,1.0,7.0
1900,New Zealand,NZL,0.0,0.0,1.0,1.0
1900,Norway,NOR,3.0,2.0,0.0,5.0
1900,Spain,ESP,0.0,0.0,1.0,1.0
1900,Sweden,SWE,1.0,0.0,1.0,2.0
1900,Switzerland,SUI,1.0,2.0,6.0,9.0
1900,UK,GBR,12.0,11.0,19.0,42.0
1900,USA,USA,17.0,16.0,21.0,54.0
1904,Australia,AUS,1.0,3.0,0.0,4.0
1904,Austria,AUT,1.0,1.0,2.0,4.0
1904,Canada,CAN,1.0,1.0,4.0,6.0
1904,Cuba,CUB,0.0,0.0,4.0,4.0
1904,France,FRA,0.0,2.0,0.0,2.0
1904,Germany,GER,7.0,5.0,4.0,16.0
1904,Greece,GRE,1.0,0.0,1.0,2.0
1904,Hungary,HUN,1.0,1.0,2.0,4.0
1904,Norway,NOR,0.0,0.0,2.0,2.0
1904,Switzerland,SUI,2.0,0.0,1.0,3.0
1904,UK,GBR,0.0,1.0,1.0,2.0
1904,USA,USA,75.0,79.0,76.0,230.0
1906,Australia,AUS,3.0,0.0,0.0,3.0
1906,Austria,AUT,3.0,3.0,3.0,9.0
1906,Belgium,BEL,3.0,2.0,2.0,7.0
1906,Canada,CAN,0.0,1.0,1.0,2.0
1906,Czech Republic,BOH,2.0,0.0,0.0,2.0
1906,Denmark,DEN,1.0,2.0,3.0,6.0
1906,Finland,FIN,1.0,1.0,2.0,4.0
1906,France,FRA,16.0,10.0,15.0,41.0
1906,Germany,GER,4.0,6.0,4.0,14.0
1906,Greece,GRE,13.0,14.0,8.0,35.0
1906,Hungary,HUN,3.0,5.0,2.0,10.0
1906,Italy,ITA,3.0,6.0,7.0,16.0
1906,Netherlands,NED,2.0,1.0,0.0,3.0
1906,Norway,NOR,0.0,1.0,1.0,2.0
1906,Sweden,SWE,7.0,5.0,2.0,14.0
1906,Switzerland,SUI,1.0,3.0,4.0,8.0
1906,UK,GBR,5.0,12.0,8.0,25.0
1906,USA,USA,6.0,5.0,12.0,23.0
1908,Australia,ANZ,2.0,2.0,1.0,5.0
1908,Austria,AUT,1.0,0.0,0.0,1.0
1908,Belgium,BEL,2.0,5.0,1.0,8.0
1908,Canada,CAN,10.0,3.0,3.0,16.0
1908,Czech Republic,BOH,2.0,0.0,0.0,2.0
1908,Denmark,DEN,3.0,2.0,0.0,5.0
1908,Finland,FIN,3.0,1.0,1.0,5.0
1908,France,FRA,9.0,5.0,5.0,19.0
1908,Germany,GER,5.0,5.0,3.0,13.0
1908,Greece,GRE,1.0,3.0,0.0,4.0
1908,Hungary,HUN,2.0,4.0,3.0,9.0
1908,Italy,ITA,0.0,2.0,2.0,4.0
1908,Netherlands,NED,2.0,0.0,0.0,2.0
1908,Norway,NOR,3.0,3.0,2.0,8.0
1908,Russia,RUS,0.0,2.0,1.0,3.0
1908,South Africa,RSA,0.0,1.0,1.0,2.0
1908,Sweden,SWE,11.0,6.0,8.0,25.0
1908,UK,GBR,37.0,50.0,56.0,143.0
1908,USA,USA,12.0,12.0,22.0,46.0
1912,Australia,ANZ,3.0,2.0,2.0,7.0
1912,Austria,AUT,2.0,2.0,0.0,4.0
1912,Belgium,BEL,3.0,1.0,2.0,6.0
1912,Canada,CAN,3.0,2.0,3.0,8.0
1912,Denmark,DEN,5.0,6.0,1.0,12.0
1912,Finland,FIN,9.0,8.0,9.0,26.0
1912,France,FRA,3.0,5.0,7.0,15.0
1912,Germany,GER,7.0,13.0,6.0,26.0
1912,Greece,GRE,1.0,0.0,1.0,2.0
1912,Hungary,HUN,3.0,2.0,3.0,8.0
1912,Italy,ITA,2.0,1.0,5.0,8.0
1912,Netherlands,NED,3.0,0.0,0.0,3.0
1912,Norway,NOR,5.0,1.0,4.0,10.0
1912,Russia,RUS,3.0,2.0,0.0,5.0
1912,South Africa,RSA,0.0,2.0,4.0,6.0
1912,Sweden,SWE,17.0,24.0,24.0,65.0
1912,Switzerland,SUI,0.0,0.0,1.0,1.0
1912,UK,GBR,16.0,15.0,10.0,41.0
1912,USA,USA,19.0,18.0,26.0,63.0
1920,Australia,AUS,1.0,2.0,0.0,3.0
1920,Belgium,BEL,14.0,12.0,16.0,42.0
1920,Brazil,BRA,1.0,1.0,1.0,3.0
1920,Canada,CAN,3.0,3.0,3.0,9.0
1920,Czech Republic,TCH,2.0,0.0,0.0,2.0
1920,Denmark,DEN,1.0,9.0,3.0,13.0
1920,Estonia,EST,0.0,2.0,1.0,3.0
1920,Finland,FIN,9.0,10.0,15.0,34.0
1920,France,FRA,13.0,20.0,9.0,42.0
1920,Greece,GRE,0.0,1.0,0.0,1.0
1920,Italy,ITA,5.0,6.0,14.0,25.0
1920,Japan,JPN,0.0,2.0,0.0,2.0
1920,Luxembourg,LUX,0.0,1.0,0.0,1.0
1920,Netherlands,NED,5.0,2.0,4.0,11.0
1920,New Zealand,NZL,1.0,0.0,0.0,1.0
1920,Norway,NOR,9.0,10.0,10.0,29.0
1920,South Africa,RSA,3.0,4.0,3.0,10.0
1920,Spain,ESP,0.0,2.0,0.0,2.0
1920,Sweden,SWE,25.0,20.0,19.0,64.0
1920,Switzerland,SUI,7.0,2.0,2.0,11.0
1920,UK,GBR,13.0,16.0,14.0,43.0
1920,USA,USA,27.0,27.0,41.0,95.0
1924,Argentina,ARG,2.0,3.0,1.0,6.0
1924,Australia,AUS,2.0,1.0,3.0,6.0
1924,Austria,AUT,1.0,3.0,0.0,4.0
1924,Belgium,BEL,3.0,7.0,3.0,13.0
1924,Canada,CAN,1.0,3.0,0.0,4.0
1924,Czech Republic,TCH,5.0,4.0,1.0,10.0
1924,Denmark,DEN,3.0,6.0,2.0,11.0
1924,Estonia,EST,4.0,1.0,1.0,6.0
1924,Finland,FIN,10.0,13.0,14.0,37.0
1924,France,FRA,12.0,14.0,14.0,40.0
1924,Greece,GRE,0.0,0.0,1.0,1.0
1924,Haiti,HAI,1.0,0.0,0.0,1.0
1924,Hungary,HUN,4.0,4.0,2.0,10.0
1924,Ireland,IRL,1.0,1.0,0.0,2.0
1924,Italy,ITA,5.0,3.0,8.0,16.0
1924,Japan,JPN,1.0,0.0,0.0,1.0
1924,Luxembourg,LUX,0.0,1.0,1.0,2.0
1924,Monaco,MON,1.0,0.0,0.0,1.0
1924,Netherlands,NED,6.0,1.0,4.0,11.0
1924,New Zealand,NZL,1.0,0.0,0.0,1.0
1924,Norway,NOR,3.0,2.0,5.0,10.0
1924,Poland,POL,1.0,1.0,0.0,2.0
1924,Portugal,POR,1.0,0.0,0.0,1.0
1924,Romania,ROU,1.0,0.0,0.0,1.0
1924,Serbia,YUG,0.0,0.0,2.0,2.0
1924,South Africa,RSA,1.0,1.0,1.0,3.0
1924,Sweden,SWE,12.0,13.0,4.0,29.0
1924,Switzerland,SUI,10.0,8.0,7.0,25.0
1924,UK,GBR,12.0,14.0,9.0,35.0
1924,USA,USA,27.0,27.0,45.0,99.0
1924,Uruguay,URU,0.0,0.0,1.0,1.0
1928,Argentina,ARG,1.0,3.0,3.0,7.0
1928,Australia,AUS,1.0,2.0,1.0,4.0
1928,Austria,AUT,1.0,0.0,3.0,4.0
1928,Belgium,BEL,2.0,1.0,0.0,3.0
1928,Canada,CAN,7.0,4.0,4.0,15.0
1928,Chile,CHI,0.0,1.0,0.0,1.0
1928,Czech Republic,TCH,2.0,5.0,2.0,9.0
1928,Denmark,DEN,4.0,2.0,3.0,9.0
1928,Egypt,EGY,1.0,1.0,2.0,4.0
1928,Estonia,EST,2.0,1.0,2.0,5.0
1928,Finland,FIN,9.0,8.0,8.0,25.0
1928,France,FRA,6.0,12.0,7.0,25.0
1928,Germany,GER,19.0,9.0,11.0,39.0
1928,Haiti,HAI,0.0,1.0,0.0,1.0
1928,Hungary,HUN,0.0,5.0,5.0,10.0
1928,India,IND,0.0,0.0,1.0,1.0
1928,Ireland,IRL,0.0,0.0,1.0,1.0
1928,Italy,ITA,7.0,6.0,7.0,20.0
1928,Japan,JPN,1.0,2.0,2.0,5.0
1928,Luxembourg,LUX,0.0,0.0,1.0,1.0
1928,Netherlands,NED,5.0,10.0,8.0,23.0
1928,New Zealand,NZL,0.0,0.0,1.0,1.0
1928,Norway,NOR,1.0,2.0,1.0,4.0
1928,Philippines,PHI,1.0,0.0,0.0,1.0
1928,Poland,POL,4.0,1.0,2.0,7.0
1928,Portugal,POR,1.0,0.0,0.0,1.0
1928,Serbia,YUG,3.0,1.0,1.0,5.0
1928,South Africa,RSA,2.0,0.0,1.0,3.0
1928,Spain,ESP,0.0,0.0,1.0,1.0
1928,Sweden,SWE,12.0,6.0,7.0,25.0
1928,Switzerland,SUI,4.0,6.0,7.0,17.0
1928,UK,GBR,7.0,11.0,4.0,22.0
1928,USA,USA,16.0,18.0,22.0,56.0
1928,Uruguay,URU,0.0,0.0,1.0,1.0
1932,Argentina,ARG,0.0,1.0,3.0,4.0
1932,Australia,AUS,1.0,1.0,3.0,5.0
1932,Austria,AUT,3.0,1.0,1.0,5.0
1932,Belgium,BEL,1.0,0.0,0.0,1.0
1932,Canada,CAN,9.0,5.0,2.0,16.0
1932,Czech Republic,TCH,2.0,3.0,1.0,6.0
1932,Denmark,DEN,3.0,5.0,0.0,8.0
1932,Finland,FIN,12.0,8.0,5.0,25.0
1932,France,FRA,4.0,5.0,11.0,20.0
1932,Germany,GER,7.0,12.0,5.0,24.0
1932,Hungary,HUN,5.0,5.0,6.0,16.0
1932,India,IND,0.0,0.0,1.0,1.0
1932,Ireland,IRL,0.0,0.0,2.0,2.0
1932,Italy,ITA,12.0,12.0,12.0,36.0
1932,Japan,JPN,4.0,7.0,7.0,18.0
1932,Latvia,LAT,0.0,1.0,0.0,1.0
1932,Mexico,MEX,0.0,2.0,0.0,2.0
1932,Netherlands,NED,1.0,5.0,2.0,8.0
1932,New Zealand,NZL,0.0,1.0,0.0,1.0
1932,Philippines,PHI,3.0,0.0,0.0,3.0
1932,Poland,POL,4.0,2.0,3.0,9.0
1932,South Africa,RSA,3.0,0.0,2.0,5.0
1932,Spain,ESP,1.0,0.0,0.0,1.0
1932,Sweden,SWE,9.0,5.0,10.0,24.0
1932,Switzerland,SUI,0.0,1.0,0.0,1.0
1932,UK,GBR,5.0,7.0,5.0,17.0
1932,USA,USA,30.0,36.0,44.0,110.0
1932,Uruguay,URU,1.0,0.0,0.0,1.0
1936,Argentina,ARG,3.0,2.0,2.0,7.0
1936,Australia,AUS,1.0,0.0,0.0,1.0
1936,Austria,AUT,5.0,7.0,5.0,17.0
1936,Belgium,BEL,3.0,0.0,0.0,3.0
1936,Canada,CAN,5.0,3.0,1.0,9.0
1936,Czech Republic,TCH,1.0,5.0,3.0,9.0
1936,Denmark,DEN,3.0,2.0,0.0,5.0
1936,Egypt,EGY,2.0,1.0,2.0,5.0
1936,Estonia,EST,3.0,2.0,2.0,7.0
1936,Finland,FIN,6.0,6.0,8.0,20.0
1936,France,FRA,6.0,6.0,7.0,19.0
1936,Germany,GER,32.0,31.0,38.0,101.0
1936,Hungary,HUN,5.0,1.0,10.0,16.0
1936,India,IND,0.0,0.0,1.0,1.0
1936,Italy,ITA,5.0,13.0,9.0,27.0
1936,Japan,JPN,10.0,4.0,6.0,20.0
1936,Latvia,LAT,1.0,1.0,0.0,2.0
1936,Mexico,MEX,3.0,0.0,0.0,3.0
1936,Netherlands,NED,7.0,4.0,6.0,17.0
1936,New Zealand,NZL,0.0,0.0,1.0,1.0
1936,Norway,NOR,2.0,3.0,1.0,6.0
1936,Philippines,PHI,1.0,0.0,0.0,1.0
1936,Poland,POL,5.0,4.0,0.0,9.0
1936,Portugal,POR,1.0,0.0,0.0,1.0
1936,Romania,ROU,0.0,1.0,0.0,1.0
1936,Serbia,YUG,0.0,1.0,0.0,1.0
1936,South Africa,RSA,0.0,1.0,0.0,1.0
1936,Sweden,SWE,10.0,5.0,6.0,21.0
1936,Switzerland,SUI,5.0,9.0,4.0,18.0
1936,Turkey,TUR,1.0,0.0,1.0,2.0
1936,UK,GBR,3.0,7.0,4.0,14.0
1936,USA,USA,12.0,21.0,24.0,57.0
1948,Argentina,ARG,1.0,3.0,3.0,7.0
1948,Australia,AUS,5.0,6.0,2.0,13.0
1948,Austria,AUT,4.0,2.0,2.0,8.0
1948,Belgium,BEL,3.0,2.0,2.0,7.0
1948,Brazil,BRA,1.0,0.0,0.0,1.0
1948,Canada,CAN,2.0,2.0,0.0,4.0
1948,Cuba,CUB,0.0,1.0,0.0,1.0
1948,Czech Republic,TCH,3.0,2.0,6.0,11.0
1948,Denmark,DEN,9.0,8.0,5.0,22.0
1948,Egypt,EGY,1.0,2.0,2.0,5.0
1948,Finland,FIN,6.0,8.0,8.0,22.0
1948,France,FRA,15.0,6.0,11.0,32.0
1948,Hungary,HUN,12.0,5.0,10.0,27.0
1948,India,IND,0.0,0.0,1.0,1.0
1948,Iran,IRI,1.0,0.0,0.0,1.0
1948,Ireland,IRL,1.0,0.0,0.0,1.0
1948,Italy,ITA,10.0,12.0,9.0,31.0
1948,Jamaica,JAM,0.0,2.0,1.0,3.0
1948,Mexico,MEX,2.0,1.0,2.0,5.0
1948,Netherlands,NED,9.0,2.0,5.0,16.0
1948,Norway,NOR,3.0,3.0,1.0,7.0
1948,Panama,PAN,2.0,0.0,0.0,2.0
1948,Peru,PER,0.0,0.0,1.0,1.0
1948,Poland,POL,1.0,0.0,1.0,2.0
1948,Portugal,POR,1.0,1.0,0.0,2.0
1948,Puerto Rico,PUR,1.0,0.0,0.0,1.0
1948,Serbia,YUG,0.0,2.0,0.0,2.0
1948,South Africa,RSA,2.0,2.0,2.0,6.0
1948,South Korea,KOR,2.0,0.0,0.0,2.0
1948,Spain,ESP,0.0,1.0,0.0,1.0
1948,Sri Lanka,SRI,0.0,1.0,0.0,1.0
1948,Sweden,SWE,18.0,11.0,17.0,46.0
1948,Switzerland,SUI,5.0,12.0,5.0,22.0
1948,Trinidad,TTO,0.0,1.0,0.0,1.0
1948,Turkey,TUR,2.0,4.0,6.0,12.0
1948,UK,GBR,7.0,16.0,4.0,27.0
1948,USA,USA,19.0,27.0,38.0,84.0
1948,Uruguay,URU,1.0,1.0,0.0,2.0
1952,Argentina,ARG,2.0,2.0,1.0,5.0
1952,Australia,AUS,3.0,2.0,6.0,11.0
1952,Austria,AUT,1.0,1.0,0.0,2.0
1952,Belgium,BEL,0.0,2.0,2.0,4.0
1952,Brazil,BRA,2.0,0.0,1.0,3.0
1952,Bulgaria,BUL,1.0,0.0,0.0,1.0
1952,Canada,CAN,0.0,2.0,1.0,3.0
1952,Chile,CHI,0.0,2.0,0.0,2.0
1952,Czech Republic,TCH,3.0,3.0,7.0,13.0
1952,Denmark,DEN,3.0,1.0,2.0,6.0
1952,Egypt,EGY,1.0,0.0,0.0,1.0
1952,Finland,FIN,13.0,3.0,6.0,22.0
1952,France,FRA,6.0,6.0,6.0,18.0
1952,Germany,GER,17.0,7.0,0.0,24.0
1952,Hungary,HUN,16.0,10.0,16.0,42.0
1952,India,IND,1.0,0.0,1.0,2.0
1952,Iran,IRI,4.0,3.0,0.0,7.0
1952,Ireland,IRL,0.0,1.0,0.0,1.0
1952,Italy,ITA,4.0,9.0,8.0,21.0
1952,Jamaica,JAM,0.0,3.0,2.0,5.0
1952,Japan,JPN,1.0,6.0,1.0,8.0
1952,Lebanon,LIB,1.0,1.0,0.0,2.0
1952,Luxembourg,LUX,0.0,0.0,1.0,1.0
1952,Mexico,MEX,0.0,1.0,0.0,1.0
1952,Netherlands,NED,0.0,5.0,0.0,5.0
1952,New Zealand,NZL,2.0,0.0,1.0,3.0
1952,Norway,NOR,0.0,2.0,3.0,5.0
1952,Poland,POL,1.0,2.0,1.0,4.0
1952,Portugal,POR,1.0,0.0,0.0,1.0
1952,Romania,ROU,2.0,1.0,1.0,4.0
1952,Russia,URS,19.0,29.0,22.0,70.0
1952,Serbia,YUG,0.0,2.0,1.0,3.0
1952,South Africa,RSA,4.0,4.0,2.0,10.0
1952,South Korea,KOR,2.0,0.0,0.0,2.0
1952,Spain,ESP,0.0,1.0,0.0,1.0
1952,Sweden,SWE,10.0,13.0,12.0,35.0
1952,Switzerland,SUI,6.0,6.0,2.0,14.0
1952,Trinidad,TTO,2.0,0.0,0.0,2.0
1952,Turkey,TUR,1.0,0.0,2.0,3.0
1952,UK,GBR,8.0,2.0,1.0,11.0
1952,USA,USA,17.0,19.0,40.0,76.0
1952,Uruguay,URU,2.0,0.0,0.0,2.0
1952,Venezuela,VEN,1.0,0.0,0.0,1.0
1956,Argentina,ARG,1.0,1.0,0.0,2.0
1956,Australia,AUS,14.0,8.0,13.0,35.0
1956,Austria,AUT,2.0,0.0,0.0,2.0
1956,Bahamas,BAH,1.0,0.0,0.0,1.0
1956,Belgium,BEL,0.0,2.0,0.0,2.0
1956,Brazil,BRA,0.0,0.0,1.0,1.0
1956,Bulgaria,BUL,1.0,3.0,1.0,5.0
1956,Canada,CAN,3.0,1.0,2.0,6.0
1956,Chile,CHI,2.0,2.0,0.0,4.0
1956,Czech Republic,TCH,1.0,4.0,1.0,6.0
1956,Denmark,DEN,1.0,2.0,1.0,4.0
1956,Finland,FIN,11.0,1.0,3.0,15.0
1956,France,FRA,6.0,4.0,4.0,14.0
1956,Germany,GER,7.0,13.0,6.0,26.0
1956,Greece,GRE,1.0,0.0,0.0,1.0
1956,Hungary,HUN,7.0,10.0,9.0,26.0
1956,Iceland,ISL,0.0,1.0,0.0,1.0
1956,India,IND,0.0,0.0,1.0,1.0
1956,Iran,IRI,1.0,2.0,2.0,5.0
1956,Ireland,IRL,3.0,1.0,1.0,5.0
1956,Italy,ITA,9.0,8.0,8.0,25.0
1956,Japan,JPN,3.0,10.0,4.0,17.0
1956,Mexico,MEX,1.0,0.0,1.0,2.0
1956,New Zealand,NZL,0.0,0.0,2.0,2.0
1956,Norway,NOR,2.0,0.0,1.0,3.0
1956,Pakistan,PAK,0.0,1.0,0.0,1.0
1956,Poland,POL,4.0,4.0,1.0,9.0
1956,Romania,ROU,5.0,3.0,5.0,13.0
1956,Russia,URS,32.0,29.0,37.0,98.0
1956,Serbia,YUG,0.0,3.0,0.0,3.0
1956,South Africa,RSA,4.0,0.0,0.0,4.0
1956,South Korea,KOR,1.0,1.0,0.0,2.0
1956,Sweden,SWE,6.0,5.0,8.0,19.0
1956,Switzerland,SUI,1.0,0.0,0.0,1.0
1956,Turkey,TUR,2.0,2.0,3.0,7.0
1956,UK,GBR,11.0,7.0,6.0,24.0
1956,USA,USA,17.0,25.0,32.0,74.0
1956,Uruguay,URU,1.0,0.0,0.0,1.0
1960,Argentina,ARG,1.0,1.0,0.0,2.0
1960,Australia,AUS,6.0,8.0,8.0,22.0
1960,Austria,AUT,0.0,1.0,1.0,2.0
1960,Belgium,BEL,2.0,2.0,0.0,4.0
1960,Brazil,BRA,2.0,0.0,0.0,2.0
1960,Bulgaria,BUL,3.0,3.0,1.0,7.0
1960,Canada,CAN,0.0,1.0,0.0,1.0
1960,Czech Republic,TCH,3.0,2.0,3.0,8.0
1960,Denmark,DEN,1.0,3.0,2.0,6.0
1960,Ethiopia,ETH,0.0,0.0,1.0,1.0
1960,Finland,FIN,3.0,1.0,1.0,5.0
1960,France,FRA,3.0,2.0,0.0,5.0
1960,Germany,GER,11.0,19.0,12.0,42.0
1960,Ghana,GHA,0.0,1.0,0.0,1.0
1960,Greece,GRE,0.0,0.0,1.0,1.0
1960,Hungary,HUN,7.0,8.0,6.0,21.0
1960,India,IND,0.0,1.0,0.0,1.0
1960,Iran,IRI,3.0,1.0,0.0,4.0
1960,Iraq,IRQ,1.0,0.0,0.0,1.0
1960,Italy,ITA,13.0,10.0,13.0,36.0
1960,Japan,JPN,7.0,7.0,4.0,18.0
1960,Mexico,MEX,1.0,0.0,0.0,1.0
1960,Morocco,MAR,0.0,1.0,0.0,1.0
1960,Netherlands,NED,2.0,1.0,0.0,3.0
1960,New Zealand,NZL,1.0,0.0,2.0,3.0
1960,Norway,NOR,0.0,0.0,1.0,1.0
1960,Pakistan,PAK,1.0,0.0,1.0,2.0
1960,Poland,POL,11.0,6.0,4.0,21.0
1960,Portugal,POR,0.0,1.0,0.0,1.0
1960,Romania,ROU,6.0,1.0,3.0,10.0
1960,Russia,URS,31.0,29.0,43.0,103.0
1960,Serbia,YUG,0.0,1.0,1.0,2.0
1960,South Africa,RSA,2.0,1.0,0.0,3.0
1960,Spain,ESP,1.0,0.0,0.0,1.0
1960,Sweden,SWE,3.0,2.0,1.0,6.0
1960,Switzerland,SUI,3.0,3.0,0.0,6.0
1960,Syria,UAR,1.0,1.0,0.0,2.0
1960,Taiwan,TPE,0.0,1.0,0.0,1.0
1960,Trinidad,WIF,2.0,0.0,0.0,2.0
1960,Turkey,TUR,0.0,2.0,7.0,9.0
1960,UK,GBR,12.0,6.0,2.0,20.0
1960,USA,USA,16.0,21.0,34.0,71.0
1960,Venezuela,VEN,1.0,0.0,0.0,1.0
1964,Argentina,ARG,0.0,1.0,0.0,1.0
1964,Australia,AUS,10.0,2.0,6.0,18.0
1964,Bahamas,BAH,0.0,0.0,1.0,1.0
1964,Belgium,BEL,1.0,0.0,2.0,3.0
1964,Brazil,BRA,1.0,0.0,0.0,1.0
1964,Bulgaria,BUL,2.0,5.0,3.0,10.0
1964,Canada,CAN,1.0,2.0,1.0,4.0
1964,Cuba,CUB,0.0,1.0,0.0,1.0
1964,Czech Republic,TCH,3.0,6.0,5.0,14.0
1964,Denmark,DEN,3.0,1.0,2.0,6.0
1964,Ethiopia,ETH,0.0,0.0,1.0,1.0
1964,Finland,FIN,2.0,0.0,3.0,5.0
1964,France,FRA,6.0,8.0,1.0,15.0
1964,Germany,GER,18.0,22.0,10.0,50.0
1964,Ghana,GHA,1.0,0.0,0.0,1.0
1964,Hungary,HUN,5.0,7.0,10.0,22.0
1964,India,IND,0.0,0.0,1.0,1.0
1964,Iran,IRI,2.0,0.0,0.0,2.0
1964,Ireland,IRL,1.0,0.0,0.0,1.0
1964,Italy,ITA,7.0,10.0,10.0,27.0
1964,Japan,JPN,8.0,5.0,16.0,29.0
1964,Kenya,KEN,1.0,0.0,0.0,1.0
1964,Mexico,MEX,1.0,0.0,0.0,1.0
1964,Netherlands,NED,4.0,4.0,2.0,10.0
1964,New Zealand,NZL,2.0,0.0,3.0,5.0
1964,Nigeria,NGR,1.0,0.0,0.0,1.0
1964,Pakistan,PAK,0.0,1.0,0.0,1.0
1964,Philippines,PHI,0.0,1.0,0.0,1.0
1964,Poland,POL,10.0,6.0,7.0,23.0
1964,Romania,ROU,6.0,4.0,2.0,12.0
1964,Russia,URS,33.0,30.0,30.0,93.0
1964,Serbia,YUG,2.0,1.0,2.0,5.0
1964,South Korea,KOR,1.0,2.0,0.0,3.0
1964,Sweden,SWE,4.0,2.0,2.0,8.0
1964,Switzerland,SUI,1.0,2.0,1.0,4.0
1964,Trinidad,TTO,2.0,1.0,0.0,3.0
1964,Tunisia,TUN,1.0,1.0,0.0,2.0
1964,Turkey,TUR,1.0,3.0,2.0,6.0
1964,UK,GBR,2.0,12.0,4.0,18.0
1964,USA,USA,28.0,26.0,36.0,90.0
1964,Uruguay,URU,1.0,0.0,0.0,1.0
1968,Argentina,ARG,2.0,0.0,0.0,2.0
1968,Australia,AUS,5.0,7.0,5.0,17.0
1968,Austria,AUT,2.0,2.0,0.0,4.0
1968,Belgium,BEL,1.0,1.0,0.0,2.0
1968,Brazil,BRA,2.0,1.0,0.0,3.0
1968,Bulgaria,BUL,3.0,4.0,2.0,9.0
1968,Cameroon,CMR,0.0,1.0,0.0,1.0
1968,Canada,CAN,1.0,3.0,1.0,5.0
1968,Cuba,CUB,0.0,4.0,0.0,4.0
1968,Czech Republic,TCH,4.0,2.0,7.0,13.0
1968,Denmark,DEN,3.0,4.0,1.0,8.0
1968,Ethiopia,ETH,0.0,1.0,1.0,2.0
1968,Finland,FIN,1.0,2.0,1.0,4.0
1968,France,FRA,5.0,3.0,7.0,15.0
1968,Germany,FRG,10.0,11.0,5.0,26.0
1968,Germany,GDR,7.0,9.0,9.0,25.0
1968,Greece,GRE,1.0,0.0,0.0,1.0
1968,Hungary,HUN,12.0,10.0,10.0,32.0
1968,India,IND,1.0,0.0,0.0,1.0
1968,Iran,IRI,2.0,1.0,2.0,5.0
1968,Italy,ITA,9.0,4.0,3.0,16.0
1968,Jamaica,JAM,0.0,1.0,0.0,1.0
1968,Japan,JPN,7.0,7.0,11.0,25.0
1968,Kenya,KEN,2.0,4.0,3.0,9.0
1968,Mexico,MEX,3.0,3.0,3.0,9.0
1968,Mongolia,MGL,3.0,1.0,0.0,4.0
1968,Netherlands,NED,1.0,3.0,3.0,7.0
1968,New Zealand,NZL,2.0,0.0,1.0,3.0
1968,Norway,NOR,0.0,1.0,1.0,2.0
1968,Pakistan,PAK,0.0,0.0,1.0,1.0
1968,Poland,POL,11.0,2.0,5.0,18.0
1968,Romania,ROU,5.0,6.0,4.0,15.0
1968,Russia,URS,30.0,32.0,29.0,91.0
1968,Serbia,YUG,2.0,3.0,3.0,8.0
1968,South Korea,KOR,1.0,1.0,0.0,2.0
1968,Sweden,SWE,1.0,1.0,2.0,4.0
1968,Switzerland,SUI,4.0,1.0,0.0,5.0
1968,Taiwan,TPE,1.0,0.0,0.0,1.0
1968,Tunisia,TUN,1.0,0.0,1.0,2.0
1968,Turkey,TUR,0.0,0.0,2.0,2.0
1968,UK,GBR,3.0,5.0,5.0,13.0
1968,USA,USA,34.0,28.0,45.0,107.0
1968,Uganda,UGA,1.0,1.0,0.0,2.0
1968,Venezuela,VEN,0.0,0.0,1.0,1.0
1972,Argentina,ARG,0.0,1.0,0.0,1.0
1972,Australia,AUS,2.0,7.0,8.0,17.0
1972,Austria,AUT,2.0,1.0,0.0,3.0
1972,Belgium,BEL,0.0,2.0,0.0,2.0
1972,Brazil,BRA,2.0,0.0,0.0,2.0
1972,Bulgaria,BUL,5.0,10.0,6.0,21.0
1972,Canada,CAN,3.0,2.0,0.0,5.0
1972,Colombia,COL,2.0,1.0,0.0,3.0
1972,Cuba,CUB,4.0,1.0,3.0,8.0
1972,Czech Republic,TCH,2.0,4.0,2.0,8.0
1972,Denmark,DEN,0.0,0.0,1.0,1.0
1972,Ethiopia,ETH,2.0,0.0,0.0,2.0
1972,Finland,FIN,4.0,1.0,3.0,8.0
1972,France,FRA,7.0,4.0,2.0,13.0
1972,Germany,FRG,16.0,11.0,13.0,40.0
1972,Germany,GDR,23.0,23.0,20.0,66.0
1972,Ghana,GHA,1.0,0.0,0.0,1.0
1972,Greece,GRE,0.0,2.0,0.0,2.0
1972,Hungary,HUN,16.0,13.0,6.0,35.0
1972,India,IND,1.0,0.0,0.0,1.0
1972,Iran,IRI,1.0,2.0,0.0,3.0
1972,Italy,ITA,10.0,3.0,5.0,18.0
1972,Jamaica,JAM,1.0,0.0,0.0,1.0
1972,Japan,JPN,8.0,8.0,13.0,29.0
1972,Kenya,KEN,4.0,3.0,2.0,9.0
1972,Lebanon,LIB,0.0,1.0,0.0,1.0
1972,Mexico,MEX,0.0,1.0,0.0,1.0
1972,Mongolia,MGL,0.0,1.0,0.0,1.0
1972,Netherlands,NED,1.0,1.0,3.0,5.0
1972,New Zealand,NZL,1.0,1.0,1.0,3.0
1972,Niger,NIG,1.0,0.0,0.0,1.0
1972,Nigeria,NGR,1.0,0.0,0.0,1.0
1972,North Korea,PRK,3.0,1.0,1.0,5.0
1972,Norway,NOR,1.0,1.0,2.0,4.0
1972,Pakistan,PAK,0.0,1.0,0.0,1.0
1972,Poland,POL,9.0,5.0,7.0,21.0
1972,Romania,ROU,7.0,6.0,3.0,16.0
1972,Russia,URS,22.0,27.0,50.0,99.0
1972,Serbia,YUG,2.0,1.0,2.0,5.0
1972,South Korea,KOR,0.0,1.0,0.0,1.0
1972,Spain,ESP,1.0,0.0,0.0,1.0
1972,Sweden,SWE,6.0,6.0,4.0,16.0
1972,Switzerland,SUI,0.0,3.0,0.0,3.0
1972,Tunisia,TUN,0.0,1.0,0.0,1.0
1972,Turkey,TUR,0.0,1.0,0.0,1.0
1972,UK,GBR,9.0,5.0,4.0,18.0
1972,USA,USA,30.0,31.0,33.0,94.0
1972,Uganda,UGA,0.0,1.0,1.0,2.0
1976,Australia,AUS,4.0,1.0,0.0,5.0
1976,Austria,AUT,1.0,0.0,0.0,1.0
1976,Belgium,BEL,3.0,3.0,0.0,6.0
1976,Bermuda,BER,1.0,0.0,0.0,1.0
1976,Brazil,BRA,2.0,0.0,0.0,2.0
1976,Bulgaria,BUL,7.0,9.0,6.0,22.0
1976,Canada,CAN,6.0,5.0,0.0,11.0
1976,Cuba,CUB,3.0,4.0,6.0,13.0
1976,Czech Republic,TCH,4.0,2.0,2.0,8.0
1976,Denmark,DEN,2.0,0.0,1.0,3.0
1976,Finland,FIN,0.0,2.0,4.0,6.0
1976,France,FRA,4.0,3.0,2.0,9.0
1976,Germany,FRG,17.0,12.0,10.0,39.0
1976,Germany,GDR,25.0,25.0,40.0,90.0
1976,Hungary,HUN,13.0,5.0,4.0,22.0
1976,Iran,IRI,1.0,1.0,0.0,2.0
1976,Italy,ITA,4.0,7.0,2.0,13.0
1976,Jamaica,JAM,0.0,1.0,1.0,2.0
1976,Japan,JPN,10.0,6.0,9.0,25.0
1976,Mexico,MEX,1.0,0.0,1.0,2.0
1976,Mongolia,MGL,0.0,1.0,0.0,1.0
1976,Netherlands,NED,3.0,2.0,0.0,5.0
1976,New Zealand,NZL,1.0,1.0,2.0,4.0
1976,North Korea,PRK,0.0,1.0,1.0,2.0
1976,Norway,NOR,0.0,1.0,1.0,2.0
1976,Pakistan,PAK,1.0,0.0,0.0,1.0
1976,Poland,POL,13.0,6.0,7.0,26.0
1976,Portugal,POR,0.0,2.0,0.0,2.0
1976,Puerto Rico,PUR,1.0,0.0,0.0,1.0
1976,Romania,ROU,14.0,9.0,4.0,27.0
1976,Russia,URS,35.0,41.0,49.0,125.0
1976,Serbia,YUG,3.0,3.0,2.0,8.0
1976,South Korea,KOR,4.0,1.0,1.0,6.0
1976,Spain,ESP,0.0,2.0,0.0,2.0
1976,Sweden,SWE,0.0,1.0,4.0,5.0
1976,Switzerland,SUI,2.0,1.0,1.0,4.0
1976,Thailand,THA,1.0,0.0,0.0,1.0
1976,Trinidad,TTO,0.0,0.0,1.0,1.0
1976,UK,GBR,5.0,5.0,3.0,13.0
1976,USA,USA,25.0,35.0,34.0,94.0
1976,Venezuela,VEN,0.0,1.0,0.0,1.0
1980,Australia,AUS,5.0,2.0,2.0,9.0
1980,Austria,AUT,1.0,2.0,1.0,4.0
1980,Belgium,BEL,0.0,0.0,1.0,1.0
1980,Brazil,BRA,2.0,0.0,2.0,4.0
1980,Bulgaria,BUL,17.0,16.0,8.0,41.0
1980,Cuba,CUB,5.0,7.0,8.0,20.0
1980,Czech Republic,TCH,9.0,3.0,2.0,14.0
1980,Denmark,DEN,2.0,1.0,2.0,5.0
1980,Ethiopia,ETH,2.0,0.0,2.0,4.0
1980,Finland,FIN,4.0,1.0,3.0,8.0
1980,France,FRA,3.0,5.0,6.0,14.0
1980,Germany,GDR,42.0,37.0,47.0,126.0
1980,Greece,GRE,2.0,0.0,1.0,3.0
1980,Guyana,GUY,1.0,0.0,0.0,1.0
1980,Hungary,HUN,15.0,10.0,7.0,32.0
1980,India,IND,0.0,0.0,1.0,1.0
1980,Ireland,IRL,1.0,1.0,0.0,2.0
1980,Italy,ITA,4.0,3.0,8.0,15.0
1980,Jamaica,JAM,3.0,0.0,0.0,3.0
1980,Lebanon,LIB,1.0,0.0,0.0,1.0
1980,Mexico,MEX,3.0,1.0,0.0,4.0
1980,Mongolia,MGL,2.0,2.0,0.0,4.0
1980,Netherlands,NED,2.0,1.0,0.0,3.0
1980,North Korea,PRK,2.0,3.0,0.0,5.0
1980,Poland,POL,15.0,14.0,3.0,32.0
1980,Romania,ROU,13.0,6.0,6.0,25.0
1980,Russia,URS,46.0,69.0,80.0,195.0
1980,Serbia,YUG,4.0,3.0,2.0,9.0
1980,Spain,ESP,2.0,3.0,1.0,6.0
1980,Sweden,SWE,6.0,3.0,3.0,12.0
1980,Switzerland,SUI,0.0,0.0,2.0,2.0
1980,Tanzania,TAN,0.0,2.0,0.0,2.0
1980,UK,GBR,9.0,7.0,5.0,21.0
1980,Uganda,UGA,0.0,1.0,0.0,1.0
1980,Venezuela,VEN,0.0,1.0,0.0,1.0
1980,Zimbabwe,ZIM,0.0,0.0,1.0,1.0
1984,Algeria,ALG,2.0,0.0,0.0,2.0
1984,Australia,AUS,12.0,8.0,4.0,24.0
1984,Austria,AUT,1.0,1.0,1.0,3.0
1984,Belgium,BEL,2.0,1.0,1.0,4.0
1984,Brazil,BRA,2.0,5.0,1.0,8.0
1984,Cameroon,CMR,1.0,0.0,0.0,1.0
1984,Canada,CAN,16.0,18.0,10.0,44.0
1984,China,CHN,9.0,8.0,15.0,32.0
1984,Colombia,COL,0.0,1.0,0.0,1.0
1984,Denmark,DEN,3.0,3.0,0.0,6.0
1984,Dominican Republic,DOM,1.0,0.0,0.0,1.0
1984,Egypt,EGY,0.0,1.0,0.0,1.0
1984,Finland,FIN,6.0,2.0,4.0,12.0
1984,France,FRA,16.0,7.0,5.0,28.0
1984,Germany,FRG,23.0,19.0,17.0,59.0
1984,Greece,GRE,1.0,1.0,0.0,2.0
1984,Iceland,ISL,1.0,0.0,0.0,1.0
1984,Ireland,IRL,0.0,1.0,0.0,1.0
1984,Italy,ITA,12.0,6.0,14.0,32.0
1984,Ivory Coast,CIV,0.0,1.0,0.0,1.0
1984,Jamaica,JAM,2.0,1.0,0.0,3.0
1984,Japan,JPN,14.0,7.0,10.0,31.0
1984,Kenya,KEN,2.0,0.0,1.0,3.0
1984,Mexico,MEX,1.0,3.0,2.0,6.0
1984,Morocco,MAR,0.0,0.0,2.0,2.0
1984,Netherlands,NED,6.0,2.0,5.0,13.0
1984,New Zealand,NZL,2.0,1.0,8.0,11.0
1984,Nigeria,NGR,1.0,1.0,0.0,2.0
1984,Norway,NOR,2.0,1.0,0.0,3.0
1984,Pakistan,PAK,0.0,0.0,1.0,1.0
1984,Peru,PER,0.0,1.0,0.0,1.0
1984,Portugal,POR,2.0,0.0,1.0,3.0
1984,Puerto Rico,PUR,1.0,1.0,0.0,2.0
1984,Romania,ROU,17.0,16.0,19.0,52.0
1984,Serbia,YUG,7.0,4.0,7.0,18.0
1984,South Korea,KOR,7.0,6.0,6.0,19.0
1984,Spain,ESP,2.0,2.0,1.0,5.0
1984,Sweden,SWE,6.0,11.0,2.0,19.0
1984,Switzerland,SUI,4.0,4.0,0.0,8.0
1984,Syria,SYR,0.0,1.0,0.0,1.0
1984,Taiwan,TPE,1.0,0.0,0.0,1.0
1984,Thailand,THA,0.0,1.0,0.0,1.0
1984,Turkey,TUR,3.0,0.0,0.0,3.0
1984,UK,GBR,21.0,11.0,5.0,37.0
1984,USA,USA,30.0,61.0,82.0,173.0
1984,Venezuela,VEN,3.0,0.0,0.0,3.0
1984,Zambia,ZAM,1.0,0.0,0.0,1.0
1988,Argentina,ARG,1.0,1.0,0.0,2.0
1988,Australia,AUS,5.0,6.0,3.0,14.0
1988,Austria,AUT,0.0,0.0,1.0,1.0
1988,Belgium,BEL,2.0,0.0,0.0,2.0
1988,Brazil,BRA,3.0,2.0,1.0,6.0
1988,Bulgaria,BUL,13.0,12.0,10.0,35.0
1988,Canada,CAN,5.0,2.0,3.0,10.0
1988,Chile,CHI,0.0,1.0,0.0,1.0
1988,China,CHN,12.0,11.0,5.0,28.0
1988,Colombia,COL,1.0,0.0,0.0,1.0
1988,Costa Rica,CRC,0.0,1.0,0.0,1.0
1988,Curacao,AHO,0.0,1.0,0.0,1.0
1988,Czech Republic,TCH,2.0,3.0,3.0,8.0
1988,Denmark,DEN,1.0,1.0,2.0,4.0
1988,Djibouti,DJI,1.0,0.0,0.0,1.0
1988,Finland,FIN,2.0,1.0,1.0,4.0
1988,France,FRA,6.0,4.0,6.0,16.0
1988,Germany,FRG,15.0,14.0,11.0,40.0
1988,Germany,GDR,30.0,35.0,37.0,102.0
1988,Greece,GRE,1.0,0.0,0.0,1.0
1988,Hungary,HUN,6.0,6.0,11.0,23.0
1988,Indonesia,INA,0.0,1.0,0.0,1.0
1988,Iran,IRI,0.0,1.0,0.0,1.0
1988,Italy,ITA,4.0,4.0,6.0,14.0
1988,Jamaica,JAM,0.0,2.0,0.0,2.0
1988,Japan,JPN,7.0,3.0,4.0,14.0
1988,Kenya,KEN,2.0,2.0,5.0,9.0
1988,Mexico,MEX,2.0,0.0,0.0,2.0
1988,Mongolia,MGL,1.0,0.0,0.0,1.0
1988,Morocco,MAR,2.0,0.0,1.0,3.0
1988,Netherlands,NED,5.0,2.0,2.0,9.0
1988,New Zealand,NZL,8.0,2.0,3.0,13.0
1988,Norway,NOR,0.0,3.0,2.0,5.0
1988,Pakistan,PAK,1.0,0.0,0.0,1.0
1988,Peru,PER,0.0,1.0,0.0,1.0
1988,Philippines,PHI,1.0,0.0,0.0,1.0
1988,Poland,POL,9.0,5.0,2.0,16.0
1988,Portugal,POR,0.0,0.0,1.0,1.0
1988,Romania,ROU,6.0,11.0,7.0,24.0
1988,Russia,URS,46.0,31.0,54.0,131.0
1988,Senegal,SEN,0.0,1.0,0.0,1.0
1988,Serbia,YUG,5.0,4.0,3.0,12.0
1988,South Korea,KOR,11.0,10.0,12.0,33.0
1988,Spain,ESP,2.0,1.0,1.0,4.0
1988,Suriname,SUR,0.0,0.0,1.0,1.0
1988,Sweden,SWE,7.0,4.0,0.0,11.0
1988,Switzerland,SUI,2.0,2.0,0.0,4.0
1988,Thailand,THA,1.0,0.0,0.0,1.0
1988,Turkey,TUR,0.0,1.0,1.0,2.0
1988,UK,GBR,9.0,10.0,5.0,24.0
1988,USA,USA,27.0,31.0,36.0,94.0
1988,"Virgin Islands, US",ISV,0.0,1.0,0.0,1.0
1992,Algeria,ALG,1.0,0.0,1.0,2.0
1992,Argentina,ARG,1.0,0.0,0.0,1.0
1992,Australia,AUS,11.0,9.0,7.0,27.0
1992,Austria,AUT,0.0,2.0,0.0,2.0
1992,Bahamas,BAH,1.0,0.0,0.0,1.0
1992,Belgium,BEL,2.0,1.0,0.0,3.0
1992,Brazil,BRA,0.0,1.0,2.0,3.0
1992,Bulgaria,BUL,6.0,7.0,3.0,16.0
1992,Canada,CAN,7.0,4.0,7.0,18.0
1992,China,CHN,15.0,22.0,16.0,53.0
1992,Colombia,COL,1.0,0.0,0.0,1.0
1992,Croatia,CRO,2.0,1.0,0.0,3.0
1992,Cuba,CUB,11.0,6.0,14.0,31.0
1992,Czech Republic,TCH,1.0,2.0,4.0,7.0
1992,Denmark,DEN,4.0,1.0,1.0,6.0
1992,Estonia,EST,1.0,0.0,1.0,2.0
1992,Ethiopia,ETH,2.0,0.0,1.0,3.0
1992,Finland,FIN,2.0,2.0,1.0,5.0
1992,France,FRA,16.0,5.0,8.0,29.0
1992,Germany,GER,28.0,21.0,33.0,82.0
1992,Ghana,GHA,1.0,0.0,0.0,1.0
1992,Greece,GRE,0.0,0.0,2.0,2.0
1992,Hungary,HUN,7.0,12.0,11.0,30.0
1992,Individual Olympic Athletes,IOA,2.0,1.0,0.0,3.0
1992,Indonesia,INA,1.0,2.0,2.0,5.0
1992,Iran,IRI,2.0,1.0,0.0,3.0
1992,Ireland,IRL,0.0,1.0,1.0,2.0
1992,Israel,ISR,1.0,1.0,0.0,2.0
1992,Italy,ITA,8.0,5.0,6.0,19.0
1992,Jamaica,JAM,1.0,3.0,0.0,4.0
1992,Japan,JPN,11.0,8.0,3.0,22.0
1992,Kenya,KEN,2.0,4.0,2.0,8.0
1992,Latvia,LAT,1.0,2.0,0.0,3.0
1992,Lithuania,LTU,1.0,0.0,1.0,2.0
1992,Malaysia,MAS,1.0,0.0,0.0,1.0
1992,Mexico,MEX,0.0,1.0,0.0,1.0
1992,Mongolia,MGL,2.0,0.0,0.0,2.0
1992,Morocco,MAR,1.0,1.0,1.0,3.0
1992,Namibia,NAM,0.0,2.0,0.0,2.0
1992,Netherlands,NED,7.0,6.0,2.0,15.0
1992,New Zealand,NZL,5.0,4.0,1.0,10.0
1992,Nigeria,NGR,1.0,3.0,0.0,4.0
1992,North Korea,PRK,5.0,0.0,4.0,9.0
1992,Norway,NOR,1.0,4.0,2.0,7.0
1992,Pakistan,PAK,1.0,0.0,0.0,1.0
1992,Peru,PER,0.0,1.0,0.0,1.0
1992,Philippines,PHI,1.0,0.0,0.0,1.0
1992,Poland,POL,10.0,6.0,3.0,19.0
1992,Puerto Rico,PUR,1.0,0.0,0.0,1.0
1992,Qatar,QAT,1.0,0.0,0.0,1.0
1992,Romania,ROU,8.0,6.0,4.0,18.0
1992,Russia,EUN,29.0,38.0,45.0,112.0
1992,Slovenia,SLO,2.0,0.0,0.0,2.0
1992,South Africa,RSA,0.0,2.0,0.0,2.0
1992,South Korea,KOR,11.0,5.0,12.0,28.0
1992,Spain,ESP,2.0,7.0,13.0,22.0
1992,Suriname,SUR,1.0,0.0,0.0,1.0
1992,Sweden,SWE,4.0,7.0,1.0,12.0
1992,Switzerland,SUI,0.0,0.0,1.0,1.0
1992,Taiwan,TPE,0.0,1.0,0.0,1.0
1992,Thailand,THA,1.0,0.0,0.0,1.0
1992,Turkey,TUR,2.0,2.0,2.0,6.0
1992,UK,GBR,12.0,3.0,5.0,20.0
1992,USA,USA,37.0,34.0,37.0,108.0
1996,Algeria,ALG,1.0,0.0,2.0,3.0
1996,Argentina,ARG,1.0,2.0,0.0,3.0
1996,Armenia,ARM,0.0,1.0,1.0,2.0
1996,Australia,AUS,23.0,9.0,9.0,41.0
1996,Austria,AUT,2.0,1.0,0.0,3.0
1996,Azerbaijan,AZE,0.0,1.0,0.0,1.0
1996,Bahamas,BAH,0.0,1.0,0.0,1.0
1996,Belarus,BLR,8.0,6.0,1.0,15.0
1996,Belgium,BEL,2.0,2.0,2.0,6.0
1996,Brazil,BRA,9.0,3.0,3.0,15.0
1996,Bulgaria,BUL,5.0,7.0,3.0,15.0
1996,Burundi,BDI,0.0,0.0,1.0,1.0
1996,Canada,CAN,8.0,11.0,3.0,22.0
1996,China,CHN,12.0,22.0,16.0,50.0
1996,China,HKG,0.0,0.0,1.0,1.0
1996,Costa Rica,CRC,0.0,0.0,1.0,1.0
1996,Croatia,CRO,0.0,1.0,1.0,2.0
1996,Cuba,CUB,8.0,8.0,9.0,25.0
1996,Czech Republic,CZE,4.0,3.0,4.0,11.0
1996,Denmark,DEN,1.0,1.0,4.0,6.0
1996,Ecuador,ECU,0.0,0.0,1.0,1.0
1996,Ethiopia,ETH,1.0,0.0,2.0,3.0
1996,Finland,FIN,1.0,2.0,1.0,4.0
1996,France,FRA,15.0,7.0,15.0,37.0
1996,Georgia,GEO,2.0,0.0,0.0,2.0
1996,Germany,GER,27.0,18.0,20.0,65.0
1996,Greece,GRE,0.0,4.0,4.0,8.0
1996,Hungary,HUN,10.0,4.0,7.0,21.0
1996,India,IND,1.0,0.0,0.0,1.0
1996,Indonesia,INA,2.0,1.0,1.0,4.0
1996,Iran,IRI,1.0,1.0,1.0,3.0
1996,Ireland,IRL,1.0,0.0,3.0,4.0
1996,Israel,ISR,1.0,0.0,0.0,1.0
1996,Italy,ITA,12.0,10.0,13.0,35.0
1996,Jamaica,JAM,2.0,3.0,1.0,6.0
1996,Japan,JPN,5.0,6.0,3.0,14.0
1996,Kazakhstan,KAZ,4.0,4.0,3.0,11.0
1996,Kenya,KEN,3.0,4.0,1.0,8.0
1996,Latvia,LAT,0.0,1.0,0.0,1.0
1996,Lithuania,LTU,1.0,0.0,0.0,1.0
1996,Malaysia,MAS,1.0,1.0,0.0,2.0
1996,Mexico,MEX,1.0,0.0,0.0,1.0
1996,Moldova,MDA,1.0,1.0,0.0,2.0
1996,Mongolia,MGL,1.0,0.0,0.0,1.0
1996,Morocco,MAR,2.0,0.0,0.0,2.0
1996,Mozambique,MOZ,1.0,0.0,0.0,1.0
1996,Namibia,NAM,0.0,2.0,0.0,2.0
1996,Netherlands,NED,10.0,5.0,4.0,19.0
1996,New Zealand,NZL,1.0,2.0,3.0,6.0
1996,Nigeria,NGR,3.0,1.0,2.0,6.0
1996,North Korea,PRK,2.0,1.0,2.0,5.0
1996,Norway,NOR,3.0,2.0,2.0,7.0
1996,Philippines,PHI,0.0,1.0,0.0,1.0
1996,Poland,POL,5.0,5.0,7.0,17.0
1996,Portugal,POR,1.0,0.0,1.0,2.0
1996,Puerto Rico,PUR,1.0,0.0,0.0,1.0
1996,Romania,ROU,8.0,7.0,4.0,19.0
1996,Russia,RUS,16.0,21.0,26.0,63.0
1996,Serbia,SCG,2.0,1.0,1.0,4.0
1996,Slovakia,SVK,1.0,1.0,1.0,3.0
1996,Slovenia,SLO,0.0,2.0,0.0,2.0
1996,South Africa,RSA,1.0,1.0,3.0,5.0
1996,South Korea,KOR,5.0,15.0,7.0,27.0
1996,Spain,ESP,6.0,6.0,5.0,17.0
1996,Sweden,SWE,2.0,4.0,2.0,8.0
1996,Switzerland,SUI,0.0,3.0,4.0,7.0
1996,Syria,SYR,0.0,0.0,1.0,1.0
1996,Taiwan,TPE,0.0,1.0,0.0,1.0
1996,Thailand,THA,1.0,0.0,1.0,2.0
1996,Tonga,TGA,0.0,1.0,0.0,1.0
1996,Trinidad,TTO,2.0,0.0,0.0,2.0
1996,Tunisia,TUN,1.0,0.0,0.0,1.0
1996,Turkey,TUR,1.0,1.0,4.0,6.0
1996,UK,GBR,6.0,8.0,1.0,15.0
1996,USA,USA,25.0,32.0,44.0,101.0
1996,Uganda,UGA,1.0,0.0,0.0,1.0
1996,Ukraine,UKR,12.0,2.0,9.0,23.0
1996,Uzbekistan,UZB,1.0,1.0,0.0,2.0
1996,Zambia,ZAM,0.0,1.0,0.0,1.0
2000,Algeria,ALG,3.0,1.0,1.0,5.0
2000,Argentina,ARG,2.0,2.0,0.0,4.0
2000,Armenia,ARM,1.0,0.0,0.0,1.0
2000,Australia,AUS,17.0,25.0,16.0,58.0
2000,Austria,AUT,0.0,1.0,2.0,3.0
2000,Azerbaijan,AZE,1.0,0.0,2.0,3.0
2000,Bahamas,BAH,1.0,0.0,2.0,3.0
2000,Barbados,BAR,1.0,0.0,0.0,1.0
2000,Belarus,BLR,11.0,3.0,3.0,17.0
2000,Belgium,BEL,3.0,2.0,0.0,5.0
2000,Brazil,BRA,6.0,6.0,0.0,12.0
2000,Bulgaria,BUL,2.0,6.0,5.0,13.0
2000,Cameroon,CMR,0.0,0.0,1.0,1.0
2000,Canada,CAN,8.0,3.0,3.0,14.0
2000,Chile,CHI,1.0,0.0,0.0,1.0
2000,China,CHN,14.0,16.0,28.0,58.0
2000,Colombia,COL,0.0,0.0,1.0,1.0
2000,Costa Rica,CRC,2.0,0.0,0.0,2.0
2000,Croatia,CRO,1.0,0.0,1.0,2.0
2000,Cuba,CUB,7.0,11.0,11.0,29.0
2000,Czech Republic,CZE,3.0,3.0,2.0,8.0
2000,Denmark,DEN,1.0,3.0,2.0,6.0
2000,Estonia,EST,2.0,0.0,1.0,3.0
2000,Ethiopia,ETH,3.0,1.0,4.0,8.0
2000,Finland,FIN,1.0,1.0,2.0,4.0
2000,France,FRA,11.0,14.0,13.0,38.0
2000,Georgia,GEO,6.0,0.0,0.0,6.0
2000,Germany,GER,26.0,17.0,13.0,56.0
2000,Greece,GRE,3.0,6.0,4.0,13.0
2000,Hungary,HUN,3.0,6.0,8.0,17.0
2000,Iceland,ISL,1.0,0.0,0.0,1.0
2000,India,IND,1.0,0.0,0.0,1.0
2000,Indonesia,INA,2.0,3.0,1.0,6.0
2000,Iran,IRI,1.0,0.0,3.0,4.0
2000,Ireland,IRL,0.0,1.0,0.0,1.0
2000,Israel,ISR,1.0,0.0,0.0,1.0
2000,Italy,ITA,13.0,8.0,13.0,34.0
2000,Jamaica,JAM,3.0,6.0,0.0,9.0
2000,Japan,JPN,5.0,8.0,5.0,18.0
2000,Kazakhstan,KAZ,0.0,4.0,3.0,7.0
2000,Kenya,KEN,2.0,3.0,2.0,7.0
2000,Kuwait,KUW,1.0,0.0,0.0,1.0
2000,Kyrgyzstan,KGZ,1.0,0.0,0.0,1.0
2000,Latvia,LAT,1.0,1.0,1.0,3.0
2000,Lithuania,LTU,3.0,0.0,2.0,5.0
2000,Macedonia,MKD,1.0,0.0,0.0,1.0
2000,Mexico,MEX,3.0,2.0,1.0,6.0
2000,Moldova,MDA,1.0,1.0,0.0,2.0
2000,Morocco,MAR,4.0,1.0,0.0,5.0
2000,Mozambique,MOZ,0.0,0.0,1.0,1.0
2000,Netherlands,NED,4.0,9.0,12.0,25.0
2000,New Zealand,NZL,3.0,0.0,1.0,4.0
2000,Nigeria,NGR,0.0,2.0,1.0,3.0
2000,North Korea,PRK,3.0,1.0,0.0,4.0
2000,Norway,NOR,3.0,3.0,4.0,10.0
2000,Poland,POL,3.0,5.0,6.0,14.0
2000,Portugal,POR,2.0,0.0,0.0,2.0
2000,Qatar,QAT,1.0,0.0,0.0,1.0
2000,Romania,ROU,9.0,6.0,11.0,26.0
2000,Russia,RUS,29.0,28.0,32.0,89.0
2000,Saudi Arabia,KSA,1.0,1.0,0.0,2.0
2000,Serbia,SCG,1.0,1.0,1.0,3.0
2000,Slovakia,SVK,1.0,3.0,1.0,5.0
2000,Slovenia,SLO,0.0,0.0,2.0,2.0
2000,South Africa,RSA,3.0,2.0,0.0,5.0
2000,South Korea,KOR,10.0,10.0,8.0,28.0
2000,Spain,ESP,5.0,3.0,3.0,11.0
2000,Sri Lanka,SRI,0.0,1.0,0.0,1.0
2000,Sweden,SWE,3.0,5.0,4.0,12.0
2000,Switzerland,SUI,2.0,6.0,1.0,9.0
2000,Taiwan,TPE,4.0,1.0,0.0,5.0
2000,Thailand,THA,2.0,0.0,1.0,3.0
2000,Trinidad,TTO,1.0,1.0,0.0,2.0
2000,Turkey,TUR,2.0,0.0,3.0,5.0
2000,UK,GBR,7.0,10.0,11.0,28.0
2000,USA,USA,31.0,24.0,36.0,91.0
2000,Ukraine,UKR,10.0,10.0,3.0,23.0
2000,Uruguay,URU,0.0,1.0,0.0,1.0
2000,Uzbekistan,UZB,2.0,1.0,1.0,4.0
2000,Vietnam,VIE,0.0,1.0,0.0,1.0
2004,Argentina,ARG,4.0,0.0,2.0,6.0
2004,Australia,AUS,17.0,16.0,17.0,50.0
2004,Austria,AUT,1.0,4.0,2.0,7.0
2004,Azerbaijan,AZE,4.0,0.0,1.0,5.0
2004,Bahamas,BAH,1.0,0.0,1.0,2.0
2004,Belarus,BLR,6.0,5.0,2.0,13.0
2004,Belgium,BEL,2.0,0.0,1.0,3.0
2004,Brazil,BRA,3.0,2.0,5.0,10.0
2004,Bulgaria,BUL,9.0,1.0,2.0,12.0
2004,Cameroon,CMR,0.0,0.0,1.0,1.0
2004,Canada,CAN,3.0,6.0,3.0,12.0
2004,Chile,CHI,1.0,0.0,2.0,3.0
2004,China,CHN,14.0,17.0,32.0,63.0
2004,China,HKG,0.0,1.0,0.0,1.0
2004,Colombia,COL,2.0,0.0,0.0,2.0
2004,Croatia,CRO,2.0,2.0,1.0,5.0
2004,Cuba,CUB,11.0,7.0,9.0,27.0
2004,Czech Republic,CZE,5.0,3.0,1.0,9.0
2004,Denmark,DEN,5.0,1.0,2.0,8.0
2004,Dominican Republic,DOM,0.0,0.0,1.0,1.0
2004,Egypt,EGY,3.0,1.0,1.0,5.0
2004,Eritrea,ERI,1.0,0.0,0.0,1.0
2004,Estonia,EST,2.0,1.0,0.0,3.0
2004,Ethiopia,ETH,2.0,3.0,2.0,7.0
2004,Finland,FIN,0.0,2.0,0.0,2.0
2004,France,FRA,13.0,9.0,11.0,33.0
2004,Georgia,GEO,0.0,2.0,2.0,4.0
2004,Germany,GER,20.0,16.0,13.0,49.0
2004,Greece,GRE,4.0,6.0,6.0,16.0
2004,Hungary,HUN,3.0,6.0,8.0,17.0
2004,India,IND,0.0,1.0,0.0,1.0
2004,Indonesia,INA,2.0,1.0,1.0,4.0
2004,Iran,IRI,2.0,2.0,2.0,6.0
2004,Israel,ISR,1.0,0.0,1.0,2.0
2004,Italy,ITA,11.0,11.0,10.0,32.0
2004,Jamaica,JAM,2.0,1.0,2.0,5.0
2004,Japan,JPN,12.0,9.0,16.0,37.0
2004,Kazakhstan,KAZ,3.0,4.0,1.0,8.0
2004,Kenya,KEN,2.0,4.0,1.0,7.0
2004,Latvia,LAT,0.0,4.0,0.0,4.0
2004,Lithuania,LTU,0.0,2.0,1.0,3.0
2004,Mexico,MEX,1.0,3.0,0.0,4.0
2004,Mongolia,MGL,1.0,0.0,0.0,1.0
2004,Morocco,MAR,0.0,1.0,2.0,3.0
2004,Netherlands,NED,9.0,9.0,4.0,22.0
2004,New Zealand,NZL,0.0,2.0,3.0,5.0
2004,Nigeria,NGR,2.0,0.0,0.0,2.0
2004,North Korea,PRK,1.0,4.0,0.0,5.0
2004,Norway,NOR,1.0,0.0,5.0,6.0
2004,Paraguay,PAR,0.0,1.0,0.0,1.0
2004,Poland,POL,5.0,2.0,3.0,10.0
2004,Portugal,POR,1.0,2.0,0.0,3.0
2004,Romania,ROU,6.0,5.0,8.0,19.0
2004,Russia,RUS,36.0,26.0,28.0,90.0
2004,Serbia,SCG,0.0,2.0,0.0,2.0
2004,Slovakia,SVK,2.0,2.0,2.0,6.0
2004,Slovenia,SLO,3.0,1.0,0.0,4.0
2004,South Africa,RSA,2.0,3.0,1.0,6.0
2004,South Korea,KOR,9.0,12.0,9.0,30.0
2004,Spain,ESP,6.0,11.0,3.0,20.0
2004,Sweden,SWE,1.0,2.0,4.0,7.0
2004,Switzerland,SUI,3.0,1.0,1.0,5.0
2004,Syria,SYR,1.0,0.0,0.0,1.0
2004,Taiwan,TPE,1.0,2.0,2.0,5.0
2004,Thailand,THA,4.0,1.0,3.0,8.0
2004,Trinidad,TTO,1.0,0.0,0.0,1.0
2004,Turkey,TUR,5.0,3.0,3.0,11.0
2004,UK,GBR,12.0,9.0,9.0,30.0
2004,USA,USA,26.0,39.0,36.0,101.0
2004,Ukraine,UKR,9.0,5.0,8.0,22.0
2004,United Arab Emirates,UAE,0.0,0.0,1.0,1.0
2004,Uzbekistan,UZB,2.0,1.0,2.0,5.0
2004,Venezuela,VEN,2.0,0.0,0.0,2.0
2004,Zimbabwe,ZIM,1.0,1.0,1.0,3.0
2008,Afghanistan,AFG,1.0,0.0,0.0,1.0
2008,Algeria,ALG,1.0,1.0,0.0,2.0
2008,Argentina,ARG,4.0,0.0,2.0,6.0
2008,Armenia,ARM,6.0,0.0,0.0,6.0
2008,Australia,AUS,17.0,15.0,14.0,46.0
2008,Austria,AUT,2.0,1.0,0.0,3.0
2008,Azerbaijan,AZE,4.0,2.0,1.0,7.0
2008,Bahamas,BAH,1.0,1.0,0.0,2.0
2008,Belarus,BLR,9.0,5.0,4.0,18.0
2008,Belgium,BEL,0.0,1.0,1.0,2.0
2008,Brazil,BRA,9.0,4.0,3.0,16.0
2008,Bulgaria,BUL,3.0,1.0,1.0,5.0
2008,Cameroon,CMR,0.0,0.0,1.0,1.0
2008,Canada,CAN,7.0,9.0,3.0,19.0
2008,Chile,CHI,0.0,1.0,0.0,1.0
2008,China,CHN,28.0,21.0,51.0,100.0
2008,Colombia,COL,1.0,1.0,0.0,2.0
2008,Croatia,CRO,3.0,2.0,0.0,5.0
2008,Cuba,CUB,11.0,11.0,2.0,24.0
2008,Czech Republic,CZE,0.0,3.0,3.0,6.0
2008,Denmark,DEN,3.0,2.0,2.0,7.0
2008,Dominican Republic,DOM,0.0,1.0,1.0,2.0
2008,Ecuador,ECU,0.0,1.0,0.0,1.0
2008,Egypt,EGY,1.0,0.0,0.0,1.0
2008,Estonia,EST,0.0,1.0,1.0,2.0
2008,Ethiopia,ETH,2.0,1.0,4.0,7.0
2008,Finland,FIN,2.0,1.0,1.0,4.0
2008,France,FRA,18.0,16.0,7.0,41.0
2008,Georgia,GEO,3.0,0.0,3.0,6.0
2008,Germany,GER,15.0,10.0,16.0,41.0
2008,Greece,GRE,2.0,2.0,0.0,4.0
2008,Hungary,HUN,2.0,5.0,3.0,10.0
2008,Iceland,ISL,0.0,1.0,0.0,1.0
2008,India,IND,2.0,0.0,1.0,3.0
2008,Indonesia,INA,3.0,1.0,1.0,5.0
2008,Iran,IRI,1.0,0.0,1.0,2.0
2008,Ireland,IRL,2.0,1.0,0.0,3.0
2008,Israel,ISR,1.0,0.0,0.0,1.0
2008,Italy,ITA,10.0,9.0,8.0,27.0
2008,Jamaica,JAM,2.0,2.0,5.0,9.0
2008,Japan,JPN,9.0,7.0,9.0,25.0
2008,Kazakhstan,KAZ,7.0,4.0,2.0,13.0
2008,Kenya,KEN,5.0,4.0,6.0,15.0
2008,Kyrgyzstan,KGZ,1.0,1.0,0.0,2.0
2008,Latvia,LAT,1.0,1.0,1.0,3.0
2008,Lithuania,LTU,3.0,2.0,0.0,5.0
2008,Malaysia,MAS,0.0,1.0,0.0,1.0
2008,Mauritius,MRI,1.0,0.0,0.0,1.0
2008,Mexico,MEX,1.0,0.0,2.0,3.0
2008,Moldova,MDA,1.0,0.0,0.0,1.0
2008,Mongolia,MGL,0.0,2.0,2.0,4.0
2008,Morocco,MAR,1.0,1.0,0.0,2.0
2008,Netherlands,NED,4.0,5.0,7.0,16.0
2008,New Zealand,NZL,4.0,2.0,3.0,9.0
2008,Nigeria,NGR,3.0,1.0,0.0,4.0
2008,North Korea,PRK,3.0,1.0,2.0,6.0
2008,Norway,NOR,1.0,5.0,3.0,9.0
2008,Panama,PAN,0.0,0.0,1.0,1.0
2008,Poland,POL,1.0,6.0,3.0,10.0
2008,Portugal,POR,0.0,1.0,1.0,2.0
2008,Romania,ROU,3.0,1.0,4.0,8.0
2008,Russia,RUS,28.0,21.0,23.0,72.0
2008,Serbia,SRB,2.0,1.0,0.0,3.0
2008,Slovakia,SVK,1.0,2.0,3.0,6.0
2008,Slovenia,SLO,2.0,2.0,1.0,5.0
2008,South Africa,RSA,0.0,1.0,0.0,1.0
2008,South Korea,KOR,8.0,10.0,13.0,31.0
2008,Spain,ESP,3.0,10.0,5.0,18.0
2008,Sudan,SUD,0.0,1.0,0.0,1.0
2008,Sweden,SWE,1.0,4.0,0.0,5.0
2008,Switzerland,SUI,4.0,1.0,2.0,7.0
2008,Taiwan,TPE,4.0,0.0,0.0,4.0
2008,Tajikistan,TJK,1.0,1.0,0.0,2.0
2008,Thailand,THA,0.0,2.0,2.0,4.0
2008,Togo,TOG,1.0,0.0,0.0,1.0
2008,Trinidad,TTO,0.0,1.0,1.0,2.0
2008,Tunisia,TUN,0.0,0.0,1.0,1.0
2008,Turkey,TUR,3.0,3.0,1.0,7.0
2008,UK,GBR,16.0,13.0,19.0,48.0
2008,USA,USA,35.0,39.0,36.0,110.0
2008,Ukraine,UKR,15.0,5.0,7.0,27.0
2008,Uzbekistan,UZB,3.0,2.0,1.0,6.0
2008,Venezuela,VEN,1.0,0.0,0.0,1.0
2008,Vietnam,VIE,0.0,1.0,0.0,1.0
2008,Zimbabwe,ZIM,0.0,3.0,1.0,4.0
2012,Afghanistan,AFG,1.0,0.0,0.0,1.0
2012,Algeria,ALG,0.0,0.0,1.0,1.0
2012,Argentina,ARG,2.0,1.0,1.0,4.0
2012,Armenia,ARM,2.0,1.0,0.0,3.0
2012,Australia,AUS,12.0,16.0,7.0,35.0
2012,Azerbaijan,AZE,6.0,2.0,2.0,10.0
2012,Bahamas,BAH,0.0,0.0,1.0,1.0
2012,Bahrain,BRN,1.0,0.0,0.0,1.0
2012,Belarus,BLR,5.0,5.0,2.0,12.0
2012,Belgium,BEL,2.0,1.0,0.0,3.0
2012,Botswana,BOT,0.0,1.0,0.0,1.0
2012,Brazil,BRA,9.0,5.0,3.0,17.0
2012,Bulgaria,BUL,1.0,1.0,0.0,2.0
2012,Canada,CAN,12.0,5.0,1.0,18.0
2012,China,CHN,23.0,27.0,38.0,88.0
2012,China,HKG,1.0,0.0,0.0,1.0
2012,Colombia,COL,4.0,3.0,1.0,8.0
2012,Croatia,CRO,2.0,1.0,3.0,6.0
2012,Cuba,CUB,6.0,3.0,5.0,14.0
2012,Cyprus,CYP,0.0,1.0,0.0,1.0
2012,Czech Republic,CZE,3.0,3.0,4.0,10.0
2012,Denmark,DEN,3.0,4.0,2.0,9.0
2012,Dominican Republic,DOM,0.0,1.0,1.0,2.0
2012,Egypt,EGY,0.0,2.0,0.0,2.0
2012,Estonia,EST,1.0,1.0,0.0,2.0
2012,Ethiopia,ETH,3.0,1.0,3.0,7.0
2012,Finland,FIN,2.0,1.0,0.0,3.0
2012,France,FRA,13.0,11.0,11.0,35.0
2012,Gabon,GAB,0.0,1.0,0.0,1.0
2012,Georgia,GEO,3.0,3.0,1.0,7.0
2012,Germany,GER,14.0,19.0,11.0,44.0
2012,Greece,GRE,2.0,0.0,0.0,2.0
2012,Grenada,GRN,0.0,0.0,1.0,1.0
2012,Guatemala,GUA,0.0,1.0,0.0,1.0
2012,Hungary,HUN,6.0,4.0,8.0,18.0
2012,India,IND,4.0,2.0,0.0,6.0
2012,Indonesia,INA,1.0,1.0,0.0,2.0
2012,Iran,IRI,3.0,5.0,4.0,12.0
2012,Ireland,IRL,3.0,1.0,1.0,5.0
2012,Italy,ITA,11.0,9.0,8.0,28.0
2012,Jamaica,JAM,4.0,4.0,4.0,12.0
2012,Japan,JPN,17.0,14.0,7.0,38.0
2012,Kazakhstan,KAZ,5.0,1.0,7.0,13.0
2012,Kenya,KEN,5.0,4.0,2.0,11.0
2012,Kuwait,KUW,1.0,0.0,0.0,1.0
2012,Latvia,LAT,1.0,0.0,1.0,2.0
2012,Lithuania,LTU,2.0,1.0,2.0,5.0
2012,Malaysia,MAS,1.0,1.0,0.0,2.0
2012,Mexico,MEX,3.0,3.0,1.0,7.0
2012,Moldova,MDA,2.0,0.0,0.0,2.0
2012,Mongolia,MGL,3.0,2.0,0.0,5.0
2012,Montenegro,MNE,0.0,1.0,0.0,1.0
2012,Morocco,MAR,1.0,0.0,0.0,1.0
2012,Netherlands,NED,8.0,6.0,6.0,20.0
2012,New Zealand,NZL,5.0,2.0,6.0,13.0
2012,North Korea,PRK,2.0,0.0,4.0,6.0
2012,Norway,NOR,1.0,1.0,2.0,4.0
2012,Poland,POL,6.0,2.0,2.0,10.0
2012,Portugal,POR,0.0,1.0,0.0,1.0
2012,Puerto Rico,PUR,1.0,1.0,0.0,2.0
2012,Qatar,QAT,2.0,0.0,0.0,2.0
2012,Romania,ROU,2.0,5.0,2.0,9.0
2012,Russia,RUS,32.0,26.0,24.0,82.0
2012,Saudi Arabia,KSA,1.0,0.0,0.0,1.0
2012,Serbia,SRB,2.0,1.0,1.0,4.0
2012,Slovakia,SVK,3.0,1.0,0.0,4.0
2012,Slovenia,SLO,2.0,1.0,1.0,4.0
2012,South Africa,RSA,1.0,2.0,3.0,6.0
2012,South Korea,KOR,7.0,8.0,13.0,28.0
2012,Spain,ESP,4.0,10.0,3.0,17.0
2012,Sweden,SWE,3.0,4.0,1.0,8.0
2012,Switzerland,SUI,0.0,2.0,2.0,4.0
2012,Taiwan,TPE,1.0,1.0,0.0,2.0
2012,Tajikistan,TJK,1.0,0.0,0.0,1.0
2012,Thailand,THA,1.0,2.0,0.0,3.0
2012,Trinidad,TTO,2.0,1.0,1.0,4.0
2012,Tunisia,TUN,1.0,1.0,1.0,3.0
2012,Turkey,TUR,1.0,2.0,2.0,5.0
2012,UK,GBR,19.0,17.0,29.0,65.0
2012,USA,USA,29.0,28.0,46.0,103.0
2012,Uganda,UGA,0.0,0.0,1.0,1.0
2012,Ukraine,UKR,9.0,5.0,6.0,20.0
2012,Uzbekistan,UZB,2.0,0.0,1.0,3.0
2012,Venezuela,VEN,0.0,0.0,1.0,1.0
2016,Algeria,ALG,0.0,2.0,0.0,2.0
2016,Argentina,ARG,0.0,1.0,3.0,4.0
2016,Armenia,ARM,0.0,3.0,1.0,4.0
2016,Australia,AUS,10.0,11.0,8.0,29.0
2016,Austria,AUT,1.0,0.0,0.0,1.0
2016,Azerbaijan,AZE,10.0,7.0,1.0,18.0
2016,Bahamas,BAH,1.0,0.0,1.0,2.0
2016,Bahrain,BRN,0.0,1.0,1.0,2.0
2016,Belarus,BLR,4.0,4.0,1.0,9.0
2016,Belgium,BEL,2.0,2.0,2.0,6.0
2016,Brazil,BRA,6.0,6.0,7.0,19.0
2016,Bulgaria,BUL,2.0,1.0,0.0,3.0
2016,Burundi,BDI,0.0,1.0,0.0,1.0
2016,Canada,CAN,15.0,3.0,4.0,22.0
2016,China,CHN,26.0,18.0,26.0,70.0
2016,Colombia,COL,3.0,2.0,3.0,8.0
2016,Croatia,CRO,2.0,3.0,5.0,10.0
2016,Cuba,CUB,4.0,2.0,5.0,11.0
2016,Czech Republic,CZE,7.0,2.0,1.0,10.0
2016,Denmark,DEN,7.0,6.0,2.0,15.0
2016,Dominican Republic,DOM,1.0,0.0,0.0,1.0
2016,Egypt,EGY,3.0,0.0,0.0,3.0
2016,Estonia,EST,1.0,0.0,0.0,1.0
2016,Ethiopia,ETH,5.0,2.0,1.0,8.0
2016,Fiji,FIJ,0.0,0.0,1.0,1.0
2016,Finland,FIN,1.0,0.0,0.0,1.0
2016,France,FRA,14.0,18.0,10.0,42.0
2016,Georgia,GEO,4.0,1.0,2.0,7.0
2016,Germany,GER,15.0,10.0,17.0,42.0
2016,Greece,GRE,2.0,1.0,3.0,6.0
2016,Grenada,GRN,0.0,1.0,0.0,1.0
2016,Hungary,HUN,4.0,3.0,8.0,15.0
2016,India,IND,1.0,1.0,0.0,2.0
2016,Individual Olympic Athletes,IOA,1.0,0.0,1.0,2.0
2016,Indonesia,INA,0.0,2.0,1.0,3.0
2016,Iran,IRI,4.0,1.0,3.0,8.0
2016,Ireland,IRL,0.0,2.0,0.0,2.0
2016,Israel,ISR,2.0,0.0,0.0,2.0
2016,Italy,ITA,8.0,12.0,8.0,28.0
2016,Ivory Coast,CIV,1.0,0.0,1.0,2.0
2016,Jamaica,JAM,2.0,3.0,6.0,11.0
2016,Japan,JPN,21.0,8.0,12.0,41.0
2016,Jordan,JOR,0.0,0.0,1.0,1.0
2016,Kazakhstan,KAZ,10.0,5.0,3.0,18.0
2016,Kenya,KEN,1.0,6.0,6.0,13.0
2016,Kosovo,KOS,0.0,0.0,1.0,1.0
2016,Lithuania,LTU,3.0,1.0,0.0,4.0
2016,Malaysia,MAS,1.0,4.0,0.0,5.0
2016,Mexico,MEX,2.0,3.0,0.0,5.0
2016,Mongolia,MGL,1.0,1.0,0.0,2.0
2016,Morocco,MAR,1.0,0.0,0.0,1.0
2016,Netherlands,NED,4.0,7.0,8.0,19.0
2016,New Zealand,NZL,5.0,9.0,4.0,18.0
2016,Niger,NIG,0.0,1.0,0.0,1.0
2016,Nigeria,NGR,1.0,0.0,0.0,1.0
2016,North Korea,PRK,2.0,3.0,2.0,7.0
2016,Norway,NOR,4.0,0.0,0.0,4.0
2016,Philippines,PHI,0.0,1.0,0.0,1.0
2016,Poland,POL,6.0,3.0,2.0,11.0
2016,Portugal,POR,1.0,0.0,0.0,1.0
2016,Puerto Rico,PUR,0.0,0.0,1.0,1.0
2016,Qatar,QAT,0.0,1.0,0.0,1.0
2016,Romania,ROU,2.0,1.0,1.0,4.0
2016,Russia,RUS,20.0,17.0,19.0,56.0
2016,Serbia,SRB,2.0,4.0,2.0,8.0
2016,Slovakia,SVK,0.0,2.0,2.0,4.0
2016,Slovenia,SLO,1.0,2.0,1.0,4.0
2016,South Africa,RSA,2.0,6.0,2.0,10.0
2016,South Korea,KOR,9.0,3.0,9.0,21.0
2016,Spain,ESP,6.0,4.0,7.0,17.0
2016,Sweden,SWE,3.0,6.0,2.0,11.0
2016,Switzerland,SUI,2.0,2.0,3.0,7.0
2016,Taiwan,TPE,2.0,0.0,1.0,3.0
2016,Tajikistan,TJK,0.0,0.0,1.0,1.0
2016,Thailand,THA,2.0,2.0,2.0,6.0
2016,Trinidad,TTO,1.0,0.0,0.0,1.0
2016,Tunisia,TUN,3.0,0.0,0.0,3.0
2016,Turkey,TUR,4.0,3.0,1.0,8.0
2016,UK,GBR,17.0,23.0,27.0,67.0
2016,USA,USA,38.0,37.0,46.0,121.0
2016,Ukraine,UKR,4.0,5.0,2.0,11.0
2016,United Arab Emirates,UAE,1.0,0.0,0.0,1.0
2016,Uzbekistan,UZB,7.0,2.0,4.0,13.0
2016,Venezuela,VEN,2.0,1.0,0.0,3.0
2016,Vietnam,VIE,0.0,1.0,1.0,2.0
